/work/mathiamt/SnowPoleDetection/RetinaNet/keras-retinanet/retinanet_data/rgb/images/train/frame_000010.PNG,1302,645,1328,748,pole
/work/mathiamt/SnowPoleDetection/RetinaNet/keras-retinanet/retinanet_data/rgb/images/train/frame_000010.PNG,344,671,356,770,pole
/work/mathiamt/SnowPoleDetection/RetinaNet/keras-retinanet/retinanet_data/rgb/images/train/frame_000015.PNG,261,670,272,783,pole
/work/mathiamt/SnowPoleDetection/RetinaNet/keras-retinanet/retinanet_data/rgb/images/train/frame_000015.PNG,1347,637,1378,758,pole
/work/mathiamt/SnowPoleDetection/RetinaNet/keras-retinanet/retinanet_data/rgb/images/train/frame_000020.PNG,147,673,157,799,pole
/work/mathiamt/SnowPoleDetection/RetinaNet/keras-retinanet/retinanet_data/rgb/images/train/frame_000020.PNG,1409,630,1444,771,pole
/work/mathiamt/SnowPoleDetection/RetinaNet/keras-retinanet/retinanet_data/rgb/images/train/frame_000030.PNG,1638,593,1696,812,pole
/work/mathiamt/SnowPoleDetection/RetinaNet/keras-retinanet/retinanet_data/rgb/images/train/frame_000100.PNG,1112,668,1120,746,pole
/work/mathiamt/SnowPoleDetection/RetinaNet/keras-retinanet/retinanet_data/rgb/images/train/frame_000105.PNG,1124,669,1133,754,pole
/work/mathiamt/SnowPoleDetection/RetinaNet/keras-retinanet/retinanet_data/rgb/images/train/frame_000120.PNG,1187,661,1196,775,pole
/work/mathiamt/SnowPoleDetection/RetinaNet/keras-retinanet/retinanet_data/rgb/images/train/frame_000120.PNG,435,666,443,744,pole
/work/mathiamt/SnowPoleDetection/RetinaNet/keras-retinanet/retinanet_data/rgb/images/train/frame_000125.PNG,1220,659,1230,790,pole
/work/mathiamt/SnowPoleDetection/RetinaNet/keras-retinanet/retinanet_data/rgb/images/train/frame_000125.PNG,358,670,367,757,pole
/work/mathiamt/SnowPoleDetection/RetinaNet/keras-retinanet/retinanet_data/rgb/images/train/frame_000135.PNG,1324,651,1337,839,pole
/work/mathiamt/SnowPoleDetection/RetinaNet/keras-retinanet/retinanet_data/rgb/images/train/frame_000135.PNG,116,664,127,790,pole
/work/mathiamt/SnowPoleDetection/RetinaNet/keras-retinanet/retinanet_data/rgb/images/train/frame_000140.PNG,1416,642,1432,883,pole
/work/mathiamt/SnowPoleDetection/RetinaNet/keras-retinanet/retinanet_data/rgb/images/train/frame_000145.PNG,674,679,684,745,pole
/work/mathiamt/SnowPoleDetection/RetinaNet/keras-retinanet/retinanet_data/rgb/images/train/frame_000145.PNG,1578,632,1593,956,pole
/work/mathiamt/SnowPoleDetection/RetinaNet/keras-retinanet/retinanet_data/rgb/images/train/frame_000160.PNG,590,678,601,762,pole
/work/mathiamt/SnowPoleDetection/RetinaNet/keras-retinanet/retinanet_data/rgb/images/train/frame_000165.PNG,550,679,561,772,pole
/work/mathiamt/SnowPoleDetection/RetinaNet/keras-retinanet/retinanet_data/rgb/images/train/frame_000170.PNG,500,681,515,784,pole
/work/mathiamt/SnowPoleDetection/RetinaNet/keras-retinanet/retinanet_data/rgb/images/train/frame_000175.PNG,441,682,456,798,pole
/work/mathiamt/SnowPoleDetection/RetinaNet/keras-retinanet/retinanet_data/rgb/images/train/frame_000190.PNG,118,686,140,874,pole
/work/mathiamt/SnowPoleDetection/RetinaNet/keras-retinanet/retinanet_data/rgb/images/train/frame_000220.PNG,1088,658,1097,731,pole
/work/mathiamt/SnowPoleDetection/RetinaNet/keras-retinanet/retinanet_data/rgb/images/train/frame_000220.PNG,638,673,644,754,pole
/work/mathiamt/SnowPoleDetection/RetinaNet/keras-retinanet/retinanet_data/rgb/images/train/frame_000225.PNG,1100,660,1108,739,pole
/work/mathiamt/SnowPoleDetection/RetinaNet/keras-retinanet/retinanet_data/rgb/images/train/frame_000240.PNG,1156,656,1167,768,pole
/work/mathiamt/SnowPoleDetection/RetinaNet/keras-retinanet/retinanet_data/rgb/images/train/frame_000240.PNG,479,675,489,784,pole
/work/mathiamt/SnowPoleDetection/RetinaNet/keras-retinanet/retinanet_data/rgb/images/train/frame_000250.PNG,1228,654,1240,797,pole
/work/mathiamt/SnowPoleDetection/RetinaNet/keras-retinanet/retinanet_data/rgb/images/train/frame_000250.PNG,332,680,342,820,pole
/work/mathiamt/SnowPoleDetection/RetinaNet/keras-retinanet/retinanet_data/rgb/images/train/frame_000255.PNG,215,681,226,848,pole
/work/mathiamt/SnowPoleDetection/RetinaNet/keras-retinanet/retinanet_data/rgb/images/train/frame_000255.PNG,1284,649,1296,825,pole
/work/mathiamt/SnowPoleDetection/RetinaNet/keras-retinanet/retinanet_data/rgb/images/train/frame_000270.PNG,1784,619,1817,1062,pole
/work/mathiamt/SnowPoleDetection/RetinaNet/keras-retinanet/retinanet_data/rgb/images/train/frame_000290.PNG,1102,657,1113,732,pole
/work/mathiamt/SnowPoleDetection/RetinaNet/keras-retinanet/retinanet_data/rgb/images/train/frame_000295.PNG,1113,652,1124,742,pole
/work/mathiamt/SnowPoleDetection/RetinaNet/keras-retinanet/retinanet_data/rgb/images/train/frame_000300.PNG,1128,654,1140,750,pole
/work/mathiamt/SnowPoleDetection/RetinaNet/keras-retinanet/retinanet_data/rgb/images/train/frame_000305.PNG,1148,654,1160,761,pole
/work/mathiamt/SnowPoleDetection/RetinaNet/keras-retinanet/retinanet_data/rgb/images/train/frame_000310.PNG,1171,655,1186,775,pole
/work/mathiamt/SnowPoleDetection/RetinaNet/keras-retinanet/retinanet_data/rgb/images/train/frame_000325.PNG,1312,644,1334,848,pole
/work/mathiamt/SnowPoleDetection/RetinaNet/keras-retinanet/retinanet_data/rgb/images/train/frame_000330.PNG,1418,639,1447,901,pole
/work/mathiamt/SnowPoleDetection/RetinaNet/keras-retinanet/retinanet_data/rgb/images/train/frame_000335.PNG,1609,628,1653,996,pole
/work/mathiamt/SnowPoleDetection/RetinaNet/keras-retinanet/retinanet_data/rgb/images/train/frame_000490.PNG,659,665,666,743,pole
/work/mathiamt/SnowPoleDetection/RetinaNet/keras-retinanet/retinanet_data/rgb/images/train/frame_000500.PNG,601,670,607,754,pole
/work/mathiamt/SnowPoleDetection/RetinaNet/keras-retinanet/retinanet_data/rgb/images/train/frame_000505.PNG,563,671,569,763,pole
/work/mathiamt/SnowPoleDetection/RetinaNet/keras-retinanet/retinanet_data/rgb/images/train/frame_000515.PNG,461,677,468,789,pole
/work/mathiamt/SnowPoleDetection/RetinaNet/keras-retinanet/retinanet_data/rgb/images/train/frame_000525.PNG,303,681,311,824,pole
/work/mathiamt/SnowPoleDetection/RetinaNet/keras-retinanet/retinanet_data/rgb/images/train/frame_000535.PNG,25,687,33,897,pole
/work/mathiamt/SnowPoleDetection/RetinaNet/keras-retinanet/retinanet_data/rgb/images/train/frame_000565.PNG,645,678,652,749,pole
/work/mathiamt/SnowPoleDetection/RetinaNet/keras-retinanet/retinanet_data/rgb/images/train/frame_000565.PNG,1096,659,1105,727,pole
/work/mathiamt/SnowPoleDetection/RetinaNet/keras-retinanet/retinanet_data/rgb/images/train/frame_000575.PNG,579,679,588,763,pole
/work/mathiamt/SnowPoleDetection/RetinaNet/keras-retinanet/retinanet_data/rgb/images/train/frame_000575.PNG,1113,661,1124,742,pole
/work/mathiamt/SnowPoleDetection/RetinaNet/keras-retinanet/retinanet_data/rgb/images/train/frame_000580.PNG,537,681,546,771,pole
/work/mathiamt/SnowPoleDetection/RetinaNet/keras-retinanet/retinanet_data/rgb/images/train/frame_000580.PNG,1126,657,1137,751,pole
/work/mathiamt/SnowPoleDetection/RetinaNet/keras-retinanet/retinanet_data/rgb/images/train/frame_000585.PNG,487,682,497,786,pole
/work/mathiamt/SnowPoleDetection/RetinaNet/keras-retinanet/retinanet_data/rgb/images/train/frame_000585.PNG,1141,657,1152,760,pole
/work/mathiamt/SnowPoleDetection/RetinaNet/keras-retinanet/retinanet_data/rgb/images/train/frame_000590.PNG,423,686,435,797,pole
/work/mathiamt/SnowPoleDetection/RetinaNet/keras-retinanet/retinanet_data/rgb/images/train/frame_000590.PNG,1161,659,1172,769,pole
/work/mathiamt/SnowPoleDetection/RetinaNet/keras-retinanet/retinanet_data/rgb/images/train/frame_000595.PNG,346,687,356,818,pole
/work/mathiamt/SnowPoleDetection/RetinaNet/keras-retinanet/retinanet_data/rgb/images/train/frame_000595.PNG,1188,657,1201,788,pole
/work/mathiamt/SnowPoleDetection/RetinaNet/keras-retinanet/retinanet_data/rgb/images/train/frame_000600.PNG,1224,656,1240,808,pole
/work/mathiamt/SnowPoleDetection/RetinaNet/keras-retinanet/retinanet_data/rgb/images/train/frame_000600.PNG,241,690,253,843,pole
/work/mathiamt/SnowPoleDetection/RetinaNet/keras-retinanet/retinanet_data/rgb/images/train/frame_000605.PNG,1281,652,1296,837,pole
/work/mathiamt/SnowPoleDetection/RetinaNet/keras-retinanet/retinanet_data/rgb/images/train/frame_000605.PNG,101,695,111,877,pole
/work/mathiamt/SnowPoleDetection/RetinaNet/keras-retinanet/retinanet_data/rgb/images/train/frame_000610.PNG,1364,647,1386,886,pole
/work/mathiamt/SnowPoleDetection/RetinaNet/keras-retinanet/retinanet_data/rgb/images/train/frame_000615.PNG,1512,634,1545,963,pole
/work/mathiamt/SnowPoleDetection/RetinaNet/keras-retinanet/retinanet_data/rgb/images/train/frame_000620.PNG,1824,611,1892,1124,pole
/work/mathiamt/SnowPoleDetection/RetinaNet/keras-retinanet/retinanet_data/rgb/images/train/frame_000630.PNG,667,674,675,743,pole
/work/mathiamt/SnowPoleDetection/RetinaNet/keras-retinanet/retinanet_data/rgb/images/train/frame_000650.PNG,531,677,542,771,pole
/work/mathiamt/SnowPoleDetection/RetinaNet/keras-retinanet/retinanet_data/rgb/images/train/frame_000660.PNG,411,685,427,806,pole
/work/mathiamt/SnowPoleDetection/RetinaNet/keras-retinanet/retinanet_data/rgb/images/train/frame_000665.PNG,325,685,343,824,pole
/work/mathiamt/SnowPoleDetection/RetinaNet/keras-retinanet/retinanet_data/rgb/images/train/frame_000675.PNG,42,691,68,888,pole
/work/mathiamt/SnowPoleDetection/RetinaNet/keras-retinanet/retinanet_data/rgb/images/train/frame_000705.PNG,638,676,647,752,pole
/work/mathiamt/SnowPoleDetection/RetinaNet/keras-retinanet/retinanet_data/rgb/images/train/frame_000710.PNG,603,678,612,757,pole
/work/mathiamt/SnowPoleDetection/RetinaNet/keras-retinanet/retinanet_data/rgb/images/train/frame_000715.PNG,561,682,572,769,pole
/work/mathiamt/SnowPoleDetection/RetinaNet/keras-retinanet/retinanet_data/rgb/images/train/frame_000720.PNG,510,679,523,780,pole
/work/mathiamt/SnowPoleDetection/RetinaNet/keras-retinanet/retinanet_data/rgb/images/train/frame_000725.PNG,448,680,460,795,pole
/work/mathiamt/SnowPoleDetection/RetinaNet/keras-retinanet/retinanet_data/rgb/images/train/frame_000730.PNG,368,680,383,810,pole
/work/mathiamt/SnowPoleDetection/RetinaNet/keras-retinanet/retinanet_data/rgb/images/train/frame_000735.PNG,265,683,280,835,pole
/work/mathiamt/SnowPoleDetection/RetinaNet/keras-retinanet/retinanet_data/rgb/images/train/frame_000740.PNG,121,686,138,871,pole
/work/mathiamt/SnowPoleDetection/RetinaNet/keras-retinanet/retinanet_data/rgb/images/train/frame_000835.PNG,1097,657,1107,730,pole
/work/mathiamt/SnowPoleDetection/RetinaNet/keras-retinanet/retinanet_data/rgb/images/train/frame_000840.PNG,1105,658,1116,736,pole
/work/mathiamt/SnowPoleDetection/RetinaNet/keras-retinanet/retinanet_data/rgb/images/train/frame_000845.PNG,1118,658,1130,743,pole
/work/mathiamt/SnowPoleDetection/RetinaNet/keras-retinanet/retinanet_data/rgb/images/train/frame_000850.PNG,1133,658,1148,752,pole
/work/mathiamt/SnowPoleDetection/RetinaNet/keras-retinanet/retinanet_data/rgb/images/train/frame_000865.PNG,1207,658,1222,794,pole
/work/mathiamt/SnowPoleDetection/RetinaNet/keras-retinanet/retinanet_data/rgb/images/train/frame_000870.PNG,1247,655,1265,814,pole
/work/mathiamt/SnowPoleDetection/RetinaNet/keras-retinanet/retinanet_data/rgb/images/train/frame_000875.PNG,1308,647,1329,840,pole
/work/mathiamt/SnowPoleDetection/RetinaNet/keras-retinanet/retinanet_data/rgb/images/train/frame_000880.PNG,1401,636,1429,886,pole
/work/mathiamt/SnowPoleDetection/RetinaNet/keras-retinanet/retinanet_data/rgb/images/train/frame_000910.PNG,1128,662,1137,742,pole
/work/mathiamt/SnowPoleDetection/RetinaNet/keras-retinanet/retinanet_data/rgb/images/train/frame_000915.PNG,1140,658,1151,750,pole
/work/mathiamt/SnowPoleDetection/RetinaNet/keras-retinanet/retinanet_data/rgb/images/train/frame_000920.PNG,1156,656,1167,756,pole
/work/mathiamt/SnowPoleDetection/RetinaNet/keras-retinanet/retinanet_data/rgb/images/train/frame_000930.PNG,1204,652,1216,779,pole
/work/mathiamt/SnowPoleDetection/RetinaNet/keras-retinanet/retinanet_data/rgb/images/train/frame_000945.PNG,1379,645,1396,866,pole
/work/mathiamt/SnowPoleDetection/RetinaNet/keras-retinanet/retinanet_data/rgb/images/train/frame_000950.PNG,1517,632,1537,929,pole
/work/mathiamt/SnowPoleDetection/RetinaNet/keras-retinanet/retinanet_data/rgb/images/train/frame_000985.PNG,1145,661,1157,752,pole
/work/mathiamt/SnowPoleDetection/RetinaNet/keras-retinanet/retinanet_data/rgb/images/train/frame_000990.PNG,1158,660,1174,762,pole
/work/mathiamt/SnowPoleDetection/RetinaNet/keras-retinanet/retinanet_data/rgb/images/train/frame_000995.PNG,1177,654,1196,778,pole
/work/mathiamt/SnowPoleDetection/RetinaNet/keras-retinanet/retinanet_data/rgb/images/train/frame_001000.PNG,1208,656,1228,798,pole
/work/mathiamt/SnowPoleDetection/RetinaNet/keras-retinanet/retinanet_data/rgb/images/train/frame_001010.PNG,1316,647,1349,849,pole
/work/mathiamt/SnowPoleDetection/RetinaNet/keras-retinanet/retinanet_data/rgb/images/train/frame_001020.PNG,1620,627,1679,1009,pole
/work/mathiamt/SnowPoleDetection/RetinaNet/keras-retinanet/retinanet_data/rgb/images/train/frame_001040.PNG,633,681,644,756,pole
/work/mathiamt/SnowPoleDetection/RetinaNet/keras-retinanet/retinanet_data/rgb/images/train/frame_001045.PNG,594,686,605,766,pole
/work/mathiamt/SnowPoleDetection/RetinaNet/keras-retinanet/retinanet_data/rgb/images/train/frame_001050.PNG,545,691,558,778,pole
/work/mathiamt/SnowPoleDetection/RetinaNet/keras-retinanet/retinanet_data/rgb/images/train/frame_001055.PNG,488,687,501,789,pole
/work/mathiamt/SnowPoleDetection/RetinaNet/keras-retinanet/retinanet_data/rgb/images/train/frame_001060.PNG,415,687,430,805,pole
/work/mathiamt/SnowPoleDetection/RetinaNet/keras-retinanet/retinanet_data/rgb/images/train/frame_001065.PNG,320,688,338,829,pole
/work/mathiamt/SnowPoleDetection/RetinaNet/keras-retinanet/retinanet_data/rgb/images/train/frame_001070.PNG,192,686,215,863,pole
/work/mathiamt/SnowPoleDetection/RetinaNet/keras-retinanet/retinanet_data/rgb/images/train/frame_001075.PNG,15,703,43,906,pole
/work/mathiamt/SnowPoleDetection/RetinaNet/keras-retinanet/retinanet_data/rgb/images/train/frame_001275.PNG,1133,653,1141,725,pole
/work/mathiamt/SnowPoleDetection/RetinaNet/keras-retinanet/retinanet_data/rgb/images/train/frame_001275.PNG,1290,656,1299,747,pole
/work/mathiamt/SnowPoleDetection/RetinaNet/keras-retinanet/retinanet_data/rgb/images/train/frame_001280.PNG,1141,654,1149,731,pole
/work/mathiamt/SnowPoleDetection/RetinaNet/keras-retinanet/retinanet_data/rgb/images/train/frame_001280.PNG,1323,652,1333,756,pole
/work/mathiamt/SnowPoleDetection/RetinaNet/keras-retinanet/retinanet_data/rgb/images/train/frame_001285.PNG,1152,660,1160,744,pole
/work/mathiamt/SnowPoleDetection/RetinaNet/keras-retinanet/retinanet_data/rgb/images/train/frame_001285.PNG,1368,660,1378,776,pole
/work/mathiamt/SnowPoleDetection/RetinaNet/keras-retinanet/retinanet_data/rgb/images/train/frame_001290.PNG,1168,656,1177,749,pole
/work/mathiamt/SnowPoleDetection/RetinaNet/keras-retinanet/retinanet_data/rgb/images/train/frame_001290.PNG,1427,655,1437,790,pole
/work/mathiamt/SnowPoleDetection/RetinaNet/keras-retinanet/retinanet_data/rgb/images/train/frame_001295.PNG,1509,655,1522,817,pole
/work/mathiamt/SnowPoleDetection/RetinaNet/keras-retinanet/retinanet_data/rgb/images/train/frame_001295.PNG,508,673,520,741,pole
/work/mathiamt/SnowPoleDetection/RetinaNet/keras-retinanet/retinanet_data/rgb/images/train/frame_001295.PNG,1190,658,1198,764,pole
/work/mathiamt/SnowPoleDetection/RetinaNet/keras-retinanet/retinanet_data/rgb/images/train/frame_001310.PNG,1125,656,1131,730,pole
/work/mathiamt/SnowPoleDetection/RetinaNet/keras-retinanet/retinanet_data/rgb/images/train/frame_001310.PNG,222,678,236,786,pole
/work/mathiamt/SnowPoleDetection/RetinaNet/keras-retinanet/retinanet_data/rgb/images/train/frame_001310.PNG,1314,653,1325,820,pole
/work/mathiamt/SnowPoleDetection/RetinaNet/keras-retinanet/retinanet_data/rgb/images/train/frame_001325.PNG,1842,621,1884,1070,pole
/work/mathiamt/SnowPoleDetection/RetinaNet/keras-retinanet/retinanet_data/rgb/images/train/frame_001325.PNG,1164,655,1173,757,pole
/work/mathiamt/SnowPoleDetection/RetinaNet/keras-retinanet/retinanet_data/rgb/images/train/frame_001355.PNG,1111,647,1133,735,pole
/work/mathiamt/SnowPoleDetection/RetinaNet/keras-retinanet/retinanet_data/rgb/images/train/frame_001355.PNG,1601,621,1635,959,pole
/work/mathiamt/SnowPoleDetection/RetinaNet/keras-retinanet/retinanet_data/rgb/images/train/frame_001365.PNG,1140,643,1165,757,pole
/work/mathiamt/SnowPoleDetection/RetinaNet/keras-retinanet/retinanet_data/rgb/images/train/frame_001375.PNG,1190,641,1221,786,pole
/work/mathiamt/SnowPoleDetection/RetinaNet/keras-retinanet/retinanet_data/rgb/images/train/frame_001375.PNG,329,672,344,766,pole
/work/mathiamt/SnowPoleDetection/RetinaNet/keras-retinanet/retinanet_data/rgb/images/train/frame_001380.PNG,210,672,226,778,pole
/work/mathiamt/SnowPoleDetection/RetinaNet/keras-retinanet/retinanet_data/rgb/images/train/frame_001380.PNG,1227,626,1269,807,pole
/work/mathiamt/SnowPoleDetection/RetinaNet/keras-retinanet/retinanet_data/rgb/images/train/frame_001385.PNG,1287,619,1338,839,pole
/work/mathiamt/SnowPoleDetection/RetinaNet/keras-retinanet/retinanet_data/rgb/images/train/frame_001385.PNG,41,677,57,805,pole
/work/mathiamt/SnowPoleDetection/RetinaNet/keras-retinanet/retinanet_data/rgb/images/train/frame_001390.PNG,1385,606,1452,891,pole
/work/mathiamt/SnowPoleDetection/RetinaNet/keras-retinanet/retinanet_data/rgb/images/train/frame_001395.PNG,1565,582,1661,993,pole
/work/mathiamt/SnowPoleDetection/RetinaNet/keras-retinanet/retinanet_data/rgb/images/train/frame_001395.PNG,1087,650,1106,726,pole
/work/mathiamt/SnowPoleDetection/RetinaNet/keras-retinanet/retinanet_data/rgb/images/train/frame_001400.PNG,1094,648,1114,728,pole
/work/mathiamt/SnowPoleDetection/RetinaNet/keras-retinanet/retinanet_data/rgb/images/train/frame_001405.PNG,1103,647,1125,736,pole
/work/mathiamt/SnowPoleDetection/RetinaNet/keras-retinanet/retinanet_data/rgb/images/train/frame_001415.PNG,1129,644,1153,751,pole
/work/mathiamt/SnowPoleDetection/RetinaNet/keras-retinanet/retinanet_data/rgb/images/train/frame_001420.PNG,1147,641,1174,762,pole
/work/mathiamt/SnowPoleDetection/RetinaNet/keras-retinanet/retinanet_data/rgb/images/train/frame_001425.PNG,1171,639,1205,782,pole
/work/mathiamt/SnowPoleDetection/RetinaNet/keras-retinanet/retinanet_data/rgb/images/train/frame_001430.PNG,1202,637,1242,804,pole
/work/mathiamt/SnowPoleDetection/RetinaNet/keras-retinanet/retinanet_data/rgb/images/train/frame_001440.PNG,1316,622,1380,875,pole
/work/mathiamt/SnowPoleDetection/RetinaNet/keras-retinanet/retinanet_data/rgb/images/train/frame_001465.PNG,1134,650,1142,747,pole
/work/mathiamt/SnowPoleDetection/RetinaNet/keras-retinanet/retinanet_data/rgb/images/train/frame_001470.PNG,1151,653,1159,756,pole
/work/mathiamt/SnowPoleDetection/RetinaNet/keras-retinanet/retinanet_data/rgb/images/train/frame_001475.PNG,1170,652,1180,770,pole
/work/mathiamt/SnowPoleDetection/RetinaNet/keras-retinanet/retinanet_data/rgb/images/train/frame_001475.PNG,450,666,462,747,pole
/work/mathiamt/SnowPoleDetection/RetinaNet/keras-retinanet/retinanet_data/rgb/images/train/frame_001480.PNG,1198,654,1209,786,pole
/work/mathiamt/SnowPoleDetection/RetinaNet/keras-retinanet/retinanet_data/rgb/images/train/frame_001480.PNG,377,669,390,757,pole
/work/mathiamt/SnowPoleDetection/RetinaNet/keras-retinanet/retinanet_data/rgb/images/train/frame_001485.PNG,286,673,297,772,pole
/work/mathiamt/SnowPoleDetection/RetinaNet/keras-retinanet/retinanet_data/rgb/images/train/frame_001485.PNG,1235,649,1245,808,pole
/work/mathiamt/SnowPoleDetection/RetinaNet/keras-retinanet/retinanet_data/rgb/images/train/frame_001490.PNG,162,681,174,793,pole
/work/mathiamt/SnowPoleDetection/RetinaNet/keras-retinanet/retinanet_data/rgb/images/train/frame_001490.PNG,1286,642,1297,836,pole
/work/mathiamt/SnowPoleDetection/RetinaNet/keras-retinanet/retinanet_data/rgb/images/train/frame_001495.PNG,1363,640,1378,873,pole
/work/mathiamt/SnowPoleDetection/RetinaNet/keras-retinanet/retinanet_data/rgb/images/train/frame_001500.PNG,1485,630,1504,941,pole
/work/mathiamt/SnowPoleDetection/RetinaNet/keras-retinanet/retinanet_data/rgb/images/train/frame_001505.PNG,1717,615,1738,1062,pole
/work/mathiamt/SnowPoleDetection/RetinaNet/keras-retinanet/retinanet_data/rgb/images/train/frame_001515.PNG,1088,658,1115,740,pole
/work/mathiamt/SnowPoleDetection/RetinaNet/keras-retinanet/retinanet_data/rgb/images/train/frame_001520.PNG,1094,655,1123,750,pole
/work/mathiamt/SnowPoleDetection/RetinaNet/keras-retinanet/retinanet_data/rgb/images/train/frame_001525.PNG,1099,655,1135,761,pole
/work/mathiamt/SnowPoleDetection/RetinaNet/keras-retinanet/retinanet_data/rgb/images/train/frame_001530.PNG,459,672,472,747,pole
/work/mathiamt/SnowPoleDetection/RetinaNet/keras-retinanet/retinanet_data/rgb/images/train/frame_001530.PNG,1112,656,1148,770,pole
/work/mathiamt/SnowPoleDetection/RetinaNet/keras-retinanet/retinanet_data/rgb/images/train/frame_001535.PNG,1127,661,1167,786,pole
/work/mathiamt/SnowPoleDetection/RetinaNet/keras-retinanet/retinanet_data/rgb/images/train/frame_001535.PNG,388,676,403,755,pole
/work/mathiamt/SnowPoleDetection/RetinaNet/keras-retinanet/retinanet_data/rgb/images/train/frame_001540.PNG,1149,659,1195,805,pole
/work/mathiamt/SnowPoleDetection/RetinaNet/keras-retinanet/retinanet_data/rgb/images/train/frame_001540.PNG,306,677,319,768,pole
/work/mathiamt/SnowPoleDetection/RetinaNet/keras-retinanet/retinanet_data/rgb/images/train/frame_001545.PNG,198,680,212,785,pole
/work/mathiamt/SnowPoleDetection/RetinaNet/keras-retinanet/retinanet_data/rgb/images/train/frame_001550.PNG,1231,650,1299,863,pole
/work/mathiamt/SnowPoleDetection/RetinaNet/keras-retinanet/retinanet_data/rgb/images/train/frame_001550.PNG,50,682,66,806,pole
/work/mathiamt/SnowPoleDetection/RetinaNet/keras-retinanet/retinanet_data/rgb/images/train/frame_001555.PNG,1310,648,1393,918,pole
/work/mathiamt/SnowPoleDetection/RetinaNet/keras-retinanet/retinanet_data/rgb/images/train/frame_001560.PNG,1446,641,1564,1012,pole
/work/mathiamt/SnowPoleDetection/RetinaNet/keras-retinanet/retinanet_data/rgb/images/train/frame_001565.PNG,1740,610,1886,1022,pole
/work/mathiamt/SnowPoleDetection/RetinaNet/keras-retinanet/retinanet_data/rgb/images/train/frame_001570.PNG,1099,668,1106,743,pole
/work/mathiamt/SnowPoleDetection/RetinaNet/keras-retinanet/retinanet_data/rgb/images/train/frame_001585.PNG,1137,665,1147,769,pole
/work/mathiamt/SnowPoleDetection/RetinaNet/keras-retinanet/retinanet_data/rgb/images/train/frame_001590.PNG,1156,663,1166,779,pole
/work/mathiamt/SnowPoleDetection/RetinaNet/keras-retinanet/retinanet_data/rgb/images/train/frame_001590.PNG,437,685,446,757,pole
/work/mathiamt/SnowPoleDetection/RetinaNet/keras-retinanet/retinanet_data/rgb/images/train/frame_001595.PNG,1182,660,1193,796,pole
/work/mathiamt/SnowPoleDetection/RetinaNet/keras-retinanet/retinanet_data/rgb/images/train/frame_001595.PNG,359,683,369,766,pole
/work/mathiamt/SnowPoleDetection/RetinaNet/keras-retinanet/retinanet_data/rgb/images/train/frame_001600.PNG,1217,660,1231,819,pole
/work/mathiamt/SnowPoleDetection/RetinaNet/keras-retinanet/retinanet_data/rgb/images/train/frame_001600.PNG,257,684,270,780,pole
/work/mathiamt/SnowPoleDetection/RetinaNet/keras-retinanet/retinanet_data/rgb/images/train/frame_001620.PNG,1764,625,1814,1139,pole
/work/mathiamt/SnowPoleDetection/RetinaNet/keras-retinanet/retinanet_data/rgb/images/train/frame_001630.PNG,1116,663,1129,751,pole
/work/mathiamt/SnowPoleDetection/RetinaNet/keras-retinanet/retinanet_data/rgb/images/train/frame_001640.PNG,1144,661,1159,765,pole
/work/mathiamt/SnowPoleDetection/RetinaNet/keras-retinanet/retinanet_data/rgb/images/train/frame_001645.PNG,1166,662,1182,787,pole
/work/mathiamt/SnowPoleDetection/RetinaNet/keras-retinanet/retinanet_data/rgb/images/train/frame_001645.PNG,446,686,455,757,pole
/work/mathiamt/SnowPoleDetection/RetinaNet/keras-retinanet/retinanet_data/rgb/images/train/frame_001655.PNG,1235,654,1256,826,pole
/work/mathiamt/SnowPoleDetection/RetinaNet/keras-retinanet/retinanet_data/rgb/images/train/frame_001655.PNG,255,680,267,781,pole
/work/mathiamt/SnowPoleDetection/RetinaNet/keras-retinanet/retinanet_data/rgb/images/train/frame_001665.PNG,1398,640,1435,922,pole
/work/mathiamt/SnowPoleDetection/RetinaNet/keras-retinanet/retinanet_data/rgb/images/train/frame_001670.PNG,1587,625,1650,1037,pole
/work/mathiamt/SnowPoleDetection/RetinaNet/keras-retinanet/retinanet_data/rgb/images/train/frame_001675.PNG,1118,669,1124,749,pole
/work/mathiamt/SnowPoleDetection/RetinaNet/keras-retinanet/retinanet_data/rgb/images/train/frame_001690.PNG,1156,667,1165,770,pole
/work/mathiamt/SnowPoleDetection/RetinaNet/keras-retinanet/retinanet_data/rgb/images/train/frame_001705.PNG,1242,655,1256,808,pole
/work/mathiamt/SnowPoleDetection/RetinaNet/keras-retinanet/retinanet_data/rgb/images/train/frame_001705.PNG,308,687,321,772,pole
/work/mathiamt/SnowPoleDetection/RetinaNet/keras-retinanet/retinanet_data/rgb/images/train/frame_001710.PNG,175,690,192,790,pole
/work/mathiamt/SnowPoleDetection/RetinaNet/keras-retinanet/retinanet_data/rgb/images/train/frame_001710.PNG,1302,653,1316,849,pole
/work/mathiamt/SnowPoleDetection/RetinaNet/keras-retinanet/retinanet_data/rgb/images/train/frame_001720.PNG,1555,628,1580,977,pole
/work/mathiamt/SnowPoleDetection/RetinaNet/keras-retinanet/retinanet_data/rgb/images/train/frame_001730.PNG,1099,670,1105,745,pole
/work/mathiamt/SnowPoleDetection/RetinaNet/keras-retinanet/retinanet_data/rgb/images/train/frame_001735.PNG,1107,668,1115,752,pole
/work/mathiamt/SnowPoleDetection/RetinaNet/keras-retinanet/retinanet_data/rgb/images/train/frame_001740.PNG,1117,666,1126,758,pole
/work/mathiamt/SnowPoleDetection/RetinaNet/keras-retinanet/retinanet_data/rgb/images/train/frame_001745.PNG,1130,666,1139,766,pole
/work/mathiamt/SnowPoleDetection/RetinaNet/keras-retinanet/retinanet_data/rgb/images/train/frame_001750.PNG,1147,664,1156,769,pole
/work/mathiamt/SnowPoleDetection/RetinaNet/keras-retinanet/retinanet_data/rgb/images/train/frame_001755.PNG,1170,661,1180,783,pole
/work/mathiamt/SnowPoleDetection/RetinaNet/keras-retinanet/retinanet_data/rgb/images/train/frame_001770.PNG,1312,649,1325,864,pole
/work/mathiamt/SnowPoleDetection/RetinaNet/keras-retinanet/retinanet_data/rgb/images/train/frame_001775.PNG,1423,644,1443,929,pole
/work/mathiamt/SnowPoleDetection/RetinaNet/keras-retinanet/retinanet_data/rgb/images/train/frame_001800.PNG,1152,653,1164,720,pole
/work/mathiamt/SnowPoleDetection/RetinaNet/keras-retinanet/retinanet_data/rgb/images/train/frame_001800.PNG,532,678,541,742,pole
/work/mathiamt/SnowPoleDetection/RetinaNet/keras-retinanet/retinanet_data/rgb/images/train/frame_001805.PNG,1175,648,1188,722,pole
/work/mathiamt/SnowPoleDetection/RetinaNet/keras-retinanet/retinanet_data/rgb/images/train/frame_001805.PNG,472,680,481,746,pole
/work/mathiamt/SnowPoleDetection/RetinaNet/keras-retinanet/retinanet_data/rgb/images/train/frame_001810.PNG,394,676,404,758,pole
/work/mathiamt/SnowPoleDetection/RetinaNet/keras-retinanet/retinanet_data/rgb/images/train/frame_001810.PNG,1206,645,1221,727,pole
/work/mathiamt/SnowPoleDetection/RetinaNet/keras-retinanet/retinanet_data/rgb/images/train/frame_001820.PNG,143,673,155,790,pole
/work/mathiamt/SnowPoleDetection/RetinaNet/keras-retinanet/retinanet_data/rgb/images/train/frame_001820.PNG,1311,626,1330,750,pole
/work/mathiamt/SnowPoleDetection/RetinaNet/keras-retinanet/retinanet_data/rgb/images/train/frame_001825.PNG,1410,615,1436,772,pole
/work/mathiamt/SnowPoleDetection/RetinaNet/keras-retinanet/retinanet_data/rgb/images/train/frame_001830.PNG,1593,586,1633,811,pole
/work/mathiamt/SnowPoleDetection/RetinaNet/keras-retinanet/retinanet_data/rgb/images/train/frame_001860.PNG,1195,642,1209,720,pole
/work/mathiamt/SnowPoleDetection/RetinaNet/keras-retinanet/retinanet_data/rgb/images/train/frame_001870.PNG,1285,624,1303,735,pole
/work/mathiamt/SnowPoleDetection/RetinaNet/keras-retinanet/retinanet_data/rgb/images/train/frame_001875.PNG,1365,611,1388,752,pole
/work/mathiamt/SnowPoleDetection/RetinaNet/keras-retinanet/retinanet_data/rgb/images/train/frame_001885.PNG,1781,543,1841,826,pole
/work/mathiamt/SnowPoleDetection/RetinaNet/keras-retinanet/retinanet_data/rgb/images/train/frame_001900.PNG,1162,647,1173,713,pole
/work/mathiamt/SnowPoleDetection/RetinaNet/keras-retinanet/retinanet_data/rgb/images/train/frame_001900.PNG,488,669,497,746,pole
/work/mathiamt/SnowPoleDetection/RetinaNet/keras-retinanet/retinanet_data/rgb/images/train/frame_001905.PNG,417,674,426,756,pole
/work/mathiamt/SnowPoleDetection/RetinaNet/keras-retinanet/retinanet_data/rgb/images/train/frame_001905.PNG,1190,638,1202,722,pole
/work/mathiamt/SnowPoleDetection/RetinaNet/keras-retinanet/retinanet_data/rgb/images/train/frame_001910.PNG,1230,635,1245,727,pole
/work/mathiamt/SnowPoleDetection/RetinaNet/keras-retinanet/retinanet_data/rgb/images/train/frame_001910.PNG,322,671,331,763,pole
/work/mathiamt/SnowPoleDetection/RetinaNet/keras-retinanet/retinanet_data/rgb/images/train/frame_001920.PNG,1373,613,1393,757,pole
/work/mathiamt/SnowPoleDetection/RetinaNet/keras-retinanet/retinanet_data/rgb/images/train/frame_001920.PNG,0,659,12,800,pole
/work/mathiamt/SnowPoleDetection/RetinaNet/keras-retinanet/retinanet_data/rgb/images/train/frame_001925.PNG,1523,593,1554,785,pole
/work/mathiamt/SnowPoleDetection/RetinaNet/keras-retinanet/retinanet_data/rgb/images/train/frame_001930.PNG,1838,545,1896,842,pole
/work/mathiamt/SnowPoleDetection/RetinaNet/keras-retinanet/retinanet_data/rgb/images/train/frame_001950.PNG,1804,638,1821,745,pole
/work/mathiamt/SnowPoleDetection/RetinaNet/keras-retinanet/retinanet_data/rgb/images/train/frame_002170.PNG,727,678,736,751,pole
/work/mathiamt/SnowPoleDetection/RetinaNet/keras-retinanet/retinanet_data/rgb/images/train/frame_002175.PNG,701,676,712,756,pole
/work/mathiamt/SnowPoleDetection/RetinaNet/keras-retinanet/retinanet_data/rgb/images/train/frame_002180.PNG,671,673,683,760,pole
/work/mathiamt/SnowPoleDetection/RetinaNet/keras-retinanet/retinanet_data/rgb/images/train/frame_002185.PNG,635,671,646,765,pole
/work/mathiamt/SnowPoleDetection/RetinaNet/keras-retinanet/retinanet_data/rgb/images/train/frame_002195.PNG,535,676,547,798,pole
/work/mathiamt/SnowPoleDetection/RetinaNet/keras-retinanet/retinanet_data/rgb/images/train/frame_002200.PNG,464,679,477,822,pole
/work/mathiamt/SnowPoleDetection/RetinaNet/keras-retinanet/retinanet_data/rgb/images/train/frame_002205.PNG,369,681,383,850,pole
/work/mathiamt/SnowPoleDetection/RetinaNet/keras-retinanet/retinanet_data/rgb/images/train/frame_002210.PNG,233,683,247,893,pole
/work/mathiamt/SnowPoleDetection/RetinaNet/keras-retinanet/retinanet_data/rgb/images/train/frame_002295.PNG,771,671,783,743,pole
/work/mathiamt/SnowPoleDetection/RetinaNet/keras-retinanet/retinanet_data/rgb/images/train/frame_002305.PNG,716,670,732,758,pole
/work/mathiamt/SnowPoleDetection/RetinaNet/keras-retinanet/retinanet_data/rgb/images/train/frame_002315.PNG,644,679,661,786,pole
/work/mathiamt/SnowPoleDetection/RetinaNet/keras-retinanet/retinanet_data/rgb/images/train/frame_002330.PNG,445,682,467,841,pole
/work/mathiamt/SnowPoleDetection/RetinaNet/keras-retinanet/retinanet_data/rgb/images/train/frame_002335.PNG,329,683,353,874,pole
/work/mathiamt/SnowPoleDetection/RetinaNet/keras-retinanet/retinanet_data/rgb/images/train/frame_002340.PNG,164,689,192,924,pole
/work/mathiamt/SnowPoleDetection/RetinaNet/keras-retinanet/retinanet_data/rgb/images/train/frame_002960.PNG,650,664,661,738,pole
/work/mathiamt/SnowPoleDetection/RetinaNet/keras-retinanet/retinanet_data/rgb/images/train/frame_002965.PNG,636,666,650,745,pole
/work/mathiamt/SnowPoleDetection/RetinaNet/keras-retinanet/retinanet_data/rgb/images/train/frame_002970.PNG,621,665,635,753,pole
/work/mathiamt/SnowPoleDetection/RetinaNet/keras-retinanet/retinanet_data/rgb/images/train/frame_002980.PNG,565,661,582,770,pole
/work/mathiamt/SnowPoleDetection/RetinaNet/keras-retinanet/retinanet_data/rgb/images/train/frame_002985.PNG,521,667,541,792,pole
/work/mathiamt/SnowPoleDetection/RetinaNet/keras-retinanet/retinanet_data/rgb/images/train/frame_002995.PNG,368,670,395,848,pole
/work/mathiamt/SnowPoleDetection/RetinaNet/keras-retinanet/retinanet_data/rgb/images/train/frame_003005.PNG,1,683,43,984,pole
/work/mathiamt/SnowPoleDetection/RetinaNet/keras-retinanet/retinanet_data/rgb/images/train/frame_003135.PNG,1115,659,1121,739,pole
/work/mathiamt/SnowPoleDetection/RetinaNet/keras-retinanet/retinanet_data/rgb/images/train/frame_003140.PNG,1122,655,1132,744,pole
/work/mathiamt/SnowPoleDetection/RetinaNet/keras-retinanet/retinanet_data/rgb/images/train/frame_003150.PNG,1154,660,1163,763,pole
/work/mathiamt/SnowPoleDetection/RetinaNet/keras-retinanet/retinanet_data/rgb/images/train/frame_003155.PNG,1175,659,1181,775,pole
/work/mathiamt/SnowPoleDetection/RetinaNet/keras-retinanet/retinanet_data/rgb/images/train/frame_003165.PNG,1240,654,1246,812,pole
/work/mathiamt/SnowPoleDetection/RetinaNet/keras-retinanet/retinanet_data/rgb/images/train/frame_003170.PNG,1296,650,1303,843,pole
/work/mathiamt/SnowPoleDetection/RetinaNet/keras-retinanet/retinanet_data/rgb/images/train/frame_003175.PNG,1383,645,1392,893,pole
/work/mathiamt/SnowPoleDetection/RetinaNet/keras-retinanet/retinanet_data/rgb/images/train/frame_003180.PNG,1534,636,1552,982,pole
/work/mathiamt/SnowPoleDetection/RetinaNet/keras-retinanet/retinanet_data/rgb/images/train/frame_003185.PNG,1859,623,1905,1133,pole
/work/mathiamt/SnowPoleDetection/RetinaNet/keras-retinanet/retinanet_data/rgb/images/train/frame_003190.PNG,1151,658,1163,738,pole
/work/mathiamt/SnowPoleDetection/RetinaNet/keras-retinanet/retinanet_data/rgb/images/train/frame_003195.PNG,1154,655,1166,746,pole
/work/mathiamt/SnowPoleDetection/RetinaNet/keras-retinanet/retinanet_data/rgb/images/train/frame_003205.PNG,1175,647,1184,763,pole
/work/mathiamt/SnowPoleDetection/RetinaNet/keras-retinanet/retinanet_data/rgb/images/train/frame_003210.PNG,550,665,563,747,pole
/work/mathiamt/SnowPoleDetection/RetinaNet/keras-retinanet/retinanet_data/rgb/images/train/frame_003210.PNG,1193,651,1203,778,pole
/work/mathiamt/SnowPoleDetection/RetinaNet/keras-retinanet/retinanet_data/rgb/images/train/frame_003220.PNG,366,660,379,779,pole
/work/mathiamt/SnowPoleDetection/RetinaNet/keras-retinanet/retinanet_data/rgb/images/train/frame_003220.PNG,1260,646,1274,826,pole
/work/mathiamt/SnowPoleDetection/RetinaNet/keras-retinanet/retinanet_data/rgb/images/train/frame_003225.PNG,214,662,231,807,pole
/work/mathiamt/SnowPoleDetection/RetinaNet/keras-retinanet/retinanet_data/rgb/images/train/frame_003225.PNG,1324,644,1342,868,pole
/work/mathiamt/SnowPoleDetection/RetinaNet/keras-retinanet/retinanet_data/rgb/images/train/frame_003230.PNG,1432,635,1460,935,pole
/work/mathiamt/SnowPoleDetection/RetinaNet/keras-retinanet/retinanet_data/rgb/images/train/frame_003235.PNG,1650,612,1704,1070,pole
/work/mathiamt/SnowPoleDetection/RetinaNet/keras-retinanet/retinanet_data/rgb/images/train/frame_003245.PNG,1139,659,1146,743,pole
/work/mathiamt/SnowPoleDetection/RetinaNet/keras-retinanet/retinanet_data/rgb/images/train/frame_003250.PNG,1142,668,1152,752,pole
/work/mathiamt/SnowPoleDetection/RetinaNet/keras-retinanet/retinanet_data/rgb/images/train/frame_003255.PNG,1151,667,1158,758,pole
/work/mathiamt/SnowPoleDetection/RetinaNet/keras-retinanet/retinanet_data/rgb/images/train/frame_003270.PNG,1194,668,1201,789,pole
/work/mathiamt/SnowPoleDetection/RetinaNet/keras-retinanet/retinanet_data/rgb/images/train/frame_003280.PNG,1274,661,1281,848,pole
/work/mathiamt/SnowPoleDetection/RetinaNet/keras-retinanet/retinanet_data/rgb/images/train/frame_003280.PNG,313,660,327,789,pole
/work/mathiamt/SnowPoleDetection/RetinaNet/keras-retinanet/retinanet_data/rgb/images/train/frame_003285.PNG,1361,656,1369,901,pole
/work/mathiamt/SnowPoleDetection/RetinaNet/keras-retinanet/retinanet_data/rgb/images/train/frame_003285.PNG,136,665,152,825,pole
/work/mathiamt/SnowPoleDetection/RetinaNet/keras-retinanet/retinanet_data/rgb/images/train/frame_003290.PNG,1526,647,1545,1007,pole
/work/mathiamt/SnowPoleDetection/RetinaNet/keras-retinanet/retinanet_data/rgb/images/train/frame_003330.PNG,356,674,374,795,pole
/work/mathiamt/SnowPoleDetection/RetinaNet/keras-retinanet/retinanet_data/rgb/images/train/frame_003335.PNG,187,671,210,829,pole
/work/mathiamt/SnowPoleDetection/RetinaNet/keras-retinanet/retinanet_data/rgb/images/train/frame_003435.PNG,352,590,367,790,pole
/work/mathiamt/SnowPoleDetection/RetinaNet/keras-retinanet/retinanet_data/rgb/images/train/frame_003440.PNG,209,573,223,819,pole
/work/mathiamt/SnowPoleDetection/RetinaNet/keras-retinanet/retinanet_data/rgb/images/train/frame_003465.PNG,573,682,581,753,pole
/work/mathiamt/SnowPoleDetection/RetinaNet/keras-retinanet/retinanet_data/rgb/images/train/frame_003470.PNG,524,682,532,762,pole
/work/mathiamt/SnowPoleDetection/RetinaNet/keras-retinanet/retinanet_data/rgb/images/train/frame_003475.PNG,462,670,471,765,pole
/work/mathiamt/SnowPoleDetection/RetinaNet/keras-retinanet/retinanet_data/rgb/images/train/frame_003590.PNG,636,676,642,747,pole
/work/mathiamt/SnowPoleDetection/RetinaNet/keras-retinanet/retinanet_data/rgb/images/train/frame_003595.PNG,621,672,627,750,pole
/work/mathiamt/SnowPoleDetection/RetinaNet/keras-retinanet/retinanet_data/rgb/images/train/frame_003605.PNG,580,673,587,768,pole
/work/mathiamt/SnowPoleDetection/RetinaNet/keras-retinanet/retinanet_data/rgb/images/train/frame_003610.PNG,548,673,555,782,pole
/work/mathiamt/SnowPoleDetection/RetinaNet/keras-retinanet/retinanet_data/rgb/images/train/frame_003620.PNG,442,671,453,813,pole
/work/mathiamt/SnowPoleDetection/RetinaNet/keras-retinanet/retinanet_data/rgb/images/train/frame_003625.PNG,355,673,368,844,pole
/work/mathiamt/SnowPoleDetection/RetinaNet/keras-retinanet/retinanet_data/rgb/images/train/frame_003630.PNG,226,678,241,893,pole
/work/mathiamt/SnowPoleDetection/RetinaNet/keras-retinanet/retinanet_data/rgb/images/train/frame_003655.PNG,661,673,670,760,pole
/work/mathiamt/SnowPoleDetection/RetinaNet/keras-retinanet/retinanet_data/rgb/images/train/frame_003660.PNG,639,672,649,767,pole
/work/mathiamt/SnowPoleDetection/RetinaNet/keras-retinanet/retinanet_data/rgb/images/train/frame_003665.PNG,608,670,620,779,pole
/work/mathiamt/SnowPoleDetection/RetinaNet/keras-retinanet/retinanet_data/rgb/images/train/frame_003670.PNG,566,669,579,791,pole
/work/mathiamt/SnowPoleDetection/RetinaNet/keras-retinanet/retinanet_data/rgb/images/train/frame_003675.PNG,505,670,522,811,pole
/work/mathiamt/SnowPoleDetection/RetinaNet/keras-retinanet/retinanet_data/rgb/images/train/frame_003685.PNG,299,676,321,885,pole
/work/mathiamt/SnowPoleDetection/RetinaNet/keras-retinanet/retinanet_data/rgb/images/train/frame_003690.PNG,104,677,129,949,pole
/work/mathiamt/SnowPoleDetection/RetinaNet/keras-retinanet/retinanet_data/rgb/images/train/frame_003720.PNG,649,683,655,771,pole
/work/mathiamt/SnowPoleDetection/RetinaNet/keras-retinanet/retinanet_data/rgb/images/train/frame_003730.PNG,566,683,574,798,pole
/work/mathiamt/SnowPoleDetection/RetinaNet/keras-retinanet/retinanet_data/rgb/images/train/frame_003735.PNG,506,680,516,815,pole
/work/mathiamt/SnowPoleDetection/RetinaNet/keras-retinanet/retinanet_data/rgb/images/train/frame_003740.PNG,422,683,436,846,pole
/work/mathiamt/SnowPoleDetection/RetinaNet/keras-retinanet/retinanet_data/rgb/images/train/frame_003745.PNG,301,685,318,881,pole
/work/mathiamt/SnowPoleDetection/RetinaNet/keras-retinanet/retinanet_data/rgb/images/train/frame_003750.PNG,111,690,133,949,pole
/work/mathiamt/SnowPoleDetection/RetinaNet/keras-retinanet/retinanet_data/rgb/images/train/frame_003805.PNG,275,682,285,884,pole
/work/mathiamt/SnowPoleDetection/RetinaNet/keras-retinanet/retinanet_data/rgb/images/train/frame_003915.PNG,1193,680,1203,786,pole
/work/mathiamt/SnowPoleDetection/RetinaNet/keras-retinanet/retinanet_data/rgb/images/train/frame_003930.PNG,1354,694,1372,894,pole
/work/mathiamt/SnowPoleDetection/RetinaNet/keras-retinanet/retinanet_data/rgb/images/train/frame_003935.PNG,1510,703,1537,992,pole
/work/mathiamt/SnowPoleDetection/RetinaNet/keras-retinanet/retinanet_data/rgb/images/train/frame_003945.PNG,1142,654,1150,731,pole
/work/mathiamt/SnowPoleDetection/RetinaNet/keras-retinanet/retinanet_data/rgb/images/train/frame_003950.PNG,1145,653,1154,735,pole
/work/mathiamt/SnowPoleDetection/RetinaNet/keras-retinanet/retinanet_data/rgb/images/train/frame_003955.PNG,1150,652,1160,741,pole
/work/mathiamt/SnowPoleDetection/RetinaNet/keras-retinanet/retinanet_data/rgb/images/train/frame_003970.PNG,1200,649,1214,772,pole
/work/mathiamt/SnowPoleDetection/RetinaNet/keras-retinanet/retinanet_data/rgb/images/train/frame_003980.PNG,1276,644,1298,824,pole
/work/mathiamt/SnowPoleDetection/RetinaNet/keras-retinanet/retinanet_data/rgb/images/train/frame_003985.PNG,1349,642,1374,867,pole
/work/mathiamt/SnowPoleDetection/RetinaNet/keras-retinanet/retinanet_data/rgb/images/train/frame_003990.PNG,1473,628,1504,938,pole
/work/mathiamt/SnowPoleDetection/RetinaNet/keras-retinanet/retinanet_data/rgb/images/train/frame_003995.PNG,1145,652,1151,723,pole
/work/mathiamt/SnowPoleDetection/RetinaNet/keras-retinanet/retinanet_data/rgb/images/train/frame_003995.PNG,1727,603,1795,1091,pole
/work/mathiamt/SnowPoleDetection/RetinaNet/keras-retinanet/retinanet_data/rgb/images/train/frame_004000.PNG,1137,652,1145,728,pole
/work/mathiamt/SnowPoleDetection/RetinaNet/keras-retinanet/retinanet_data/rgb/images/train/frame_004010.PNG,1127,653,1137,743,pole
/work/mathiamt/SnowPoleDetection/RetinaNet/keras-retinanet/retinanet_data/rgb/images/train/frame_004015.PNG,1126,656,1136,751,pole
/work/mathiamt/SnowPoleDetection/RetinaNet/keras-retinanet/retinanet_data/rgb/images/train/frame_004020.PNG,1133,653,1145,759,pole
/work/mathiamt/SnowPoleDetection/RetinaNet/keras-retinanet/retinanet_data/rgb/images/train/frame_004030.PNG,1174,641,1187,786,pole
/work/mathiamt/SnowPoleDetection/RetinaNet/keras-retinanet/retinanet_data/rgb/images/train/frame_004035.PNG,1209,642,1226,815,pole
/work/mathiamt/SnowPoleDetection/RetinaNet/keras-retinanet/retinanet_data/rgb/images/train/frame_004040.PNG,1268,639,1288,854,pole
/work/mathiamt/SnowPoleDetection/RetinaNet/keras-retinanet/retinanet_data/rgb/images/train/frame_004045.PNG,1367,631,1395,920,pole
/work/mathiamt/SnowPoleDetection/RetinaNet/keras-retinanet/retinanet_data/rgb/images/train/frame_004050.PNG,1564,601,1609,1034,pole
/work/mathiamt/SnowPoleDetection/RetinaNet/keras-retinanet/retinanet_data/rgb/images/train/frame_004210.PNG,649,672,662,757,pole
/work/mathiamt/SnowPoleDetection/RetinaNet/keras-retinanet/retinanet_data/rgb/images/train/frame_004225.PNG,548,685,567,800,pole
/work/mathiamt/SnowPoleDetection/RetinaNet/keras-retinanet/retinanet_data/rgb/images/train/frame_004230.PNG,492,678,513,819,pole
/work/mathiamt/SnowPoleDetection/RetinaNet/keras-retinanet/retinanet_data/rgb/images/train/frame_004235.PNG,416,669,437,840,pole
/work/mathiamt/SnowPoleDetection/RetinaNet/keras-retinanet/retinanet_data/rgb/images/train/frame_004240.PNG,301,682,330,885,pole
/work/mathiamt/SnowPoleDetection/RetinaNet/keras-retinanet/retinanet_data/rgb/images/train/frame_004300.PNG,1169,645,1229,802,pole
/work/mathiamt/SnowPoleDetection/RetinaNet/keras-retinanet/retinanet_data/rgb/images/train/frame_004305.PNG,1231,646,1301,841,pole
/work/mathiamt/SnowPoleDetection/RetinaNet/keras-retinanet/retinanet_data/rgb/images/train/frame_004310.PNG,1320,638,1401,876,pole
/work/mathiamt/SnowPoleDetection/RetinaNet/keras-retinanet/retinanet_data/rgb/images/train/frame_004320.PNG,1791,587,1906,1113,pole
/work/mathiamt/SnowPoleDetection/RetinaNet/keras-retinanet/retinanet_data/rgb/images/train/frame_004430.PNG,337,675,343,856,pole
/work/mathiamt/SnowPoleDetection/RetinaNet/keras-retinanet/retinanet_data/rgb/images/train/frame_004435.PNG,185,675,191,909,pole
/work/mathiamt/SnowPoleDetection/RetinaNet/keras-retinanet/retinanet_data/rgb/images/train/frame_004600.PNG,42,687,59,876,pole
/work/mathiamt/SnowPoleDetection/RetinaNet/keras-retinanet/retinanet_data/rgb/images/train/frame_004720.PNG,173,778,179,947,pole
/work/mathiamt/SnowPoleDetection/RetinaNet/keras-retinanet/retinanet_data/rgb/images/train/frame_004735.PNG,1069,672,1076,735,pole
/work/mathiamt/SnowPoleDetection/RetinaNet/keras-retinanet/retinanet_data/rgb/images/train/frame_004745.PNG,1096,668,1106,757,pole
/work/mathiamt/SnowPoleDetection/RetinaNet/keras-retinanet/retinanet_data/rgb/images/train/frame_004755.PNG,1139,671,1155,792,pole
/work/mathiamt/SnowPoleDetection/RetinaNet/keras-retinanet/retinanet_data/rgb/images/train/frame_004880.PNG,616,710,624,781,pole
/work/mathiamt/SnowPoleDetection/RetinaNet/keras-retinanet/retinanet_data/rgb/images/train/frame_004885.PNG,587,710,597,789,pole
/work/mathiamt/SnowPoleDetection/RetinaNet/keras-retinanet/retinanet_data/rgb/images/train/frame_004895.PNG,511,719,523,819,pole
/work/mathiamt/SnowPoleDetection/RetinaNet/keras-retinanet/retinanet_data/rgb/images/train/frame_004905.PNG,373,721,387,863,pole
/work/mathiamt/SnowPoleDetection/RetinaNet/keras-retinanet/retinanet_data/rgb/images/train/frame_004910.PNG,255,736,272,910,pole
/work/mathiamt/SnowPoleDetection/RetinaNet/keras-retinanet/retinanet_data/rgb/images/train/frame_004915.PNG,65,748,85,974,pole
/work/mathiamt/SnowPoleDetection/RetinaNet/keras-retinanet/retinanet_data/rgb/images/train/frame_004930.PNG,679,689,685,759,pole
/work/mathiamt/SnowPoleDetection/RetinaNet/keras-retinanet/retinanet_data/rgb/images/train/frame_004940.PNG,650,682,656,756,pole
/work/mathiamt/SnowPoleDetection/RetinaNet/keras-retinanet/retinanet_data/rgb/images/train/frame_004945.PNG,630,696,636,779,pole
/work/mathiamt/SnowPoleDetection/RetinaNet/keras-retinanet/retinanet_data/rgb/images/train/frame_004950.PNG,603,685,610,780,pole
/work/mathiamt/SnowPoleDetection/RetinaNet/keras-retinanet/retinanet_data/rgb/images/train/frame_004960.PNG,527,685,534,805,pole
/work/mathiamt/SnowPoleDetection/RetinaNet/keras-retinanet/retinanet_data/rgb/images/train/frame_004965.PNG,469,679,477,819,pole
/work/mathiamt/SnowPoleDetection/RetinaNet/keras-retinanet/retinanet_data/rgb/images/train/frame_004970.PNG,391,682,398,846,pole
/work/mathiamt/SnowPoleDetection/RetinaNet/keras-retinanet/retinanet_data/rgb/images/train/frame_004980.PNG,88,679,99,945,pole
/work/mathiamt/SnowPoleDetection/RetinaNet/keras-retinanet/retinanet_data/rgb/images/train/frame_005005.PNG,609,677,614,760,pole
/work/mathiamt/SnowPoleDetection/RetinaNet/keras-retinanet/retinanet_data/rgb/images/train/frame_005010.PNG,584,680,589,775,pole
/work/mathiamt/SnowPoleDetection/RetinaNet/keras-retinanet/retinanet_data/rgb/images/train/frame_005015.PNG,551,687,556,786,pole
/work/mathiamt/SnowPoleDetection/RetinaNet/keras-retinanet/retinanet_data/rgb/images/train/frame_005020.PNG,506,671,513,797,pole
/work/mathiamt/SnowPoleDetection/RetinaNet/keras-retinanet/retinanet_data/rgb/images/train/frame_005025.PNG,447,676,455,818,pole
/work/mathiamt/SnowPoleDetection/RetinaNet/keras-retinanet/retinanet_data/rgb/images/train/frame_005030.PNG,363,672,374,842,pole
/work/mathiamt/SnowPoleDetection/RetinaNet/keras-retinanet/retinanet_data/rgb/images/train/frame_005035.PNG,239,679,255,889,pole
/work/mathiamt/SnowPoleDetection/RetinaNet/keras-retinanet/retinanet_data/rgb/images/train/frame_005040.PNG,41,687,63,956,pole
/work/mathiamt/SnowPoleDetection/RetinaNet/keras-retinanet/retinanet_data/rgb/images/train/frame_005195.PNG,589,659,597,726,pole
/work/mathiamt/SnowPoleDetection/RetinaNet/keras-retinanet/retinanet_data/rgb/images/train/frame_005200.PNG,568,659,573,729,pole
/work/mathiamt/SnowPoleDetection/RetinaNet/keras-retinanet/retinanet_data/rgb/images/train/frame_005205.PNG,539,655,544,731,pole
/work/mathiamt/SnowPoleDetection/RetinaNet/keras-retinanet/retinanet_data/rgb/images/train/frame_005215.PNG,450,654,456,742,pole
/work/mathiamt/SnowPoleDetection/RetinaNet/keras-retinanet/retinanet_data/rgb/images/train/frame_005220.PNG,383,638,392,751,pole
/work/mathiamt/SnowPoleDetection/RetinaNet/keras-retinanet/retinanet_data/rgb/images/train/frame_005225.PNG,294,639,304,765,pole
/work/mathiamt/SnowPoleDetection/RetinaNet/keras-retinanet/retinanet_data/rgb/images/train/frame_005250.PNG,539,670,545,742,pole
/work/mathiamt/SnowPoleDetection/RetinaNet/keras-retinanet/retinanet_data/rgb/images/train/frame_005255.PNG,506,657,512,735,pole
/work/mathiamt/SnowPoleDetection/RetinaNet/keras-retinanet/retinanet_data/rgb/images/train/frame_005260.PNG,464,669,471,755,pole
/work/mathiamt/SnowPoleDetection/RetinaNet/keras-retinanet/retinanet_data/rgb/images/train/frame_005260.PNG,1080,654,1089,734,pole
/work/mathiamt/SnowPoleDetection/RetinaNet/keras-retinanet/retinanet_data/rgb/images/train/frame_005265.PNG,1110,647,1120,734,pole
/work/mathiamt/SnowPoleDetection/RetinaNet/keras-retinanet/retinanet_data/rgb/images/train/frame_005265.PNG,412,667,418,760,pole
/work/mathiamt/SnowPoleDetection/RetinaNet/keras-retinanet/retinanet_data/rgb/images/train/frame_005280.PNG,1269,623,1279,772,pole
/work/mathiamt/SnowPoleDetection/RetinaNet/keras-retinanet/retinanet_data/rgb/images/train/frame_005285.PNG,1381,629,1392,822,pole
/work/mathiamt/SnowPoleDetection/RetinaNet/keras-retinanet/retinanet_data/rgb/images/train/frame_005290.PNG,1578,607,1590,879,pole
/work/mathiamt/SnowPoleDetection/RetinaNet/keras-retinanet/retinanet_data/rgb/images/train/frame_005320.PNG,1063,639,1072,713,pole
/work/mathiamt/SnowPoleDetection/RetinaNet/keras-retinanet/retinanet_data/rgb/images/train/frame_005320.PNG,503,650,508,731,pole
/work/mathiamt/SnowPoleDetection/RetinaNet/keras-retinanet/retinanet_data/rgb/images/train/frame_005325.PNG,1085,637,1094,718,pole
/work/mathiamt/SnowPoleDetection/RetinaNet/keras-retinanet/retinanet_data/rgb/images/train/frame_005325.PNG,465,651,469,739,pole
/work/mathiamt/SnowPoleDetection/RetinaNet/keras-retinanet/retinanet_data/rgb/images/train/frame_005330.PNG,417,649,423,744,pole
/work/mathiamt/SnowPoleDetection/RetinaNet/keras-retinanet/retinanet_data/rgb/images/train/frame_005330.PNG,1110,631,1120,724,pole
/work/mathiamt/SnowPoleDetection/RetinaNet/keras-retinanet/retinanet_data/rgb/images/train/frame_005335.PNG,1141,630,1152,728,pole
/work/mathiamt/SnowPoleDetection/RetinaNet/keras-retinanet/retinanet_data/rgb/images/train/frame_005335.PNG,357,645,363,753,pole
/work/mathiamt/SnowPoleDetection/RetinaNet/keras-retinanet/retinanet_data/rgb/images/train/frame_005345.PNG,1232,610,1246,753,pole
/work/mathiamt/SnowPoleDetection/RetinaNet/keras-retinanet/retinanet_data/rgb/images/train/frame_005345.PNG,178,639,189,786,pole
/work/mathiamt/SnowPoleDetection/RetinaNet/keras-retinanet/retinanet_data/rgb/images/train/frame_005350.PNG,1304,601,1320,774,pole
/work/mathiamt/SnowPoleDetection/RetinaNet/keras-retinanet/retinanet_data/rgb/images/train/frame_005350.PNG,41,641,52,813,pole
/work/mathiamt/SnowPoleDetection/RetinaNet/keras-retinanet/retinanet_data/rgb/images/train/frame_005355.PNG,1415,583,1434,804,pole
